Workbook

Sheet debug
A1: NumbOvens
A2: 3
A3: NumJobs
A4: 7
A5: OvenCapacity
A6: 3
A7: 5
A8: 4
A9: SpaceOccupiedPerJob
A10: 2
A11: 1
A12: 3
A13: 4
A14: 5
A15: 2
A16: 1
A17: TimeNecessaryforEachJob
A18: 2
A19: 4
A20: 5
A21: 3
A22: 4
A23: 6
A24: 5

Sheet 504102024
A1: =debug!A1 -> NumbOvens
A2: 4
A3: =debug!A3 -> NumJobs
A4: 50
A5: =debug!A5 -> OvenCapacity
A6: 18
A7: 20
A8: 25
A9: 27
A10: =debug!A9 -> SpaceOccupiedPerJob
A11: 20
A12: 18
A13: 16
A14: 8
A15: 9
A16: 14
A17: 1
A18: 5
A19: 16
A20: 15
A21: 1
A22: 5
... A60: 5
A61: =debug!A17 -> TimeNecessaryforEachJob
A62: 9
A63: 2
A64: 5
A65: 6
A66: 10
A67: 3
A68: 9
A69: 5
A70: 8
A71: 7
A72: 6
A73: 5
... A111: 10

Sheet 504102025
A1: =debug!A1 -> NumbOvens
A2: 4
A3: =debug!A3 -> NumJobs
A4: 50
A5: =debug!A5 -> OvenCapacity
A6: 18
A7: 20
A8: 25
A9: 27
A10: =debug!A9 -> SpaceOccupiedPerJob
A11: 13
A12: 13
A13: 9
A14: 18
A15: 11
A16: 20
A17: 11
A18: 12
A19: 5
A20: 7
A21: 2
A22: 18
... A60: 12
A61: =debug!A17 -> TimeNecessaryforEachJob
A62: 9
A63: 9
A64: 10
A65: 1
A66: 6
A67: 5
A68: 10
A69: 4
A70: 3
A71: 2
A72: 9
A73: 8
... A111: 2

Sheet 504302022
A1: =debug!A1 -> NumbOvens
A2: 4
A3: =debug!A3 -> NumJobs
A4: 50
A5: =debug!A5 -> OvenCapacity
A6: 18
A7: 20
A8: 25
A9: 27
A10: =debug!A9 -> SpaceOccupiedPerJob
A11: 9
A12: 13
A13: 3
A14: 9
A15: 17
A16: 4
A17: 4
A18: 10
A19: 20
A20: 12
A21: 15
A22: 5
... A60: 5
A61: =debug!A17 -> TimeNecessaryforEachJob
A62: 25
A63: 18
A64: 2
A65: 10
A66: 26
A67: 14
A68: 12
A69: 5
A70: 12
A71: 7
A72: 29
A73: 22
... A111: 22

Sheet 504302023
A1: =debug!A1 -> NumbOvens
A2: 4
A3: =debug!A3 -> NumJobs
A4: 50
A5: =debug!A5 -> OvenCapacity
A6: 18
A7: 20
A8: 25
A9: 27
A10: =debug!A9 -> SpaceOccupiedPerJob
A11: 4
A12: 13
A13: 11
A14: 8
A15: 17
A16: 4
A17: 20
A18: 15
A19: 10
A20: 11
A21: 9
A22: 12
... A60: 4
A61: =debug!A17 -> TimeNecessaryforEachJob
A62: 20
A63: 29
A64: 21
A65: 12
A66: 25
A67: 28
A68: 23
A69: 5
A70: 9
A71: 6
A72: 29
A73: 22
... A111: 11

Sheet 504302024
A1: =debug!A1 -> NumbOvens
A2: 4 | E2: 50 | F2: 4 | G2: 18 | H2: 20 | I2: 25 | J2: 27
A3: =debug!A3 -> NumJobs | E3: 3 | F3: 10 | G3: 28 | H3: 2 | I3: 7 | J3: 24 | K3: 26 | L3: 27 | M3: 3 | N3: 1 | O3: 1 | P3: 19 | Q3: 1 | R3: 27 | S3: 9 | T3: 3 | U3: 22 | V3: 24 | W3: 11 | X3: 26 | Y3: 2 | Z3: 8 | AA3: 10 | AB3: 17 | AC3: 17 | AD3: 24 | AE3: 27 | AF3: 14 | AG3: 9 | AH3: 9 | AI3: 6 | AJ3: 3 | AK3: 25 | AL3: 7 | AM3: 22 | AN3: 24 | AO3: 19 | AP3: 14 | AQ3: 8 | AR3: 11 | AS3: 22 | AT3: 3 | AU3: 29 | AV3: 26 | AW3: 17 | AX3: 14 | AY3: 21 | AZ3: 26 | BA3: 11 | BB3: 3
A4: 50 | E4: 19 | F4: 7 | G4: 16 | H4: 5 | I4: 5 | J4: 5 | K4: 14 | L4: 9 | M4: 16 | N4: 13 | O4: 13 | P4: 18 | Q4: 14 | R4: 1 | S4: 9 | T4: 6 | U4: 4 | V4: 17 | W4: 11 | X4: 18 | Y4: 7 | Z4: 7 | AA4: 20 | AB4: 16 | AC4: 16 | AD4: 6 | AE4: 20 | AF4: 11 | AG4: 12 | AH4: 15 | AI4: 7 | AJ4: 16 | AK4: 9 | AL4: 4 | AM4: 12 | AN4: 15 | AO4: 10 | AP4: 18 | AQ4: 1 | AR4: 19 | AS4: 11 | AT4: 2 | AU4: 2 | AV4: 14 | AW4: 9 | AX4: 6 | AY4: 13 | AZ4: 16 | BA4: 3 | BB4: 12
A5: =debug!A5 -> OvenCapacity
A6: 18
A7: 20
A8: 25
A9: 27
A10: =debug!A9 -> SpaceOccupiedPerJob
A11: 19
A12: 7
A13: 16
A14: 5
A15: 5
A16: 5
A17: 14
A18: 9
A19: 16
A20: 13
A21: 13
A22: 18
... A60: 12
A61: =debug!A17 -> TimeNecessaryforEachJob
A62: 3
A63: 10
A64: 28
A65: 2
A66: 7
A67: 24
A68: 26
A69: 27
A70: 3
A71: 1
A72: 1
A73: 19
... A111: 3

Sheet 1002102014
A1: =debug!A1 -> NumbOvens
A2: 2 | D2: 100 | E2: 2 | F2: 20 | G2: 25
A3: =debug!A3 -> NumJobs | D3: 2 | E3: 7 | F3: 6 | G3: 2 | H3: 1 | I3: 10 | J3: 3 | K3: 10 | L3: 5 | M3: 10 | N3: 2 | O3: 8 | P3: 1 | Q3: 8 | R3: 6 | S3: 3 | T3: 7 | U3: 10 | V3: 5 | W3: 2 | X3: 7 | Y3: 5 | Z3: 10 | AA3: 4 | AB3: 1 | AC3: 4 | AD3: 1 | AE3: 10 | AF3: 8 | AG3: 1 | AH3: 10 | AI3: 10 | AJ3: 4 | AK3: 10 | AL3: 7 | AM3: 4 | AN3: 8 | AO3: 8 | AP3: 5 | AQ3: 2 | AR3: 8 | AS3: 4 | AT3: 6 | AU3: 10 | AV3: 9 | AW3: 2 | AX3: 4 | AY3: 6 | AZ3: 7 | BA3: 1 | BB3: 9 | BC3: 3 | BD3: 7 | BE3: 9 | BF3: 10 | BG3: 1 | BH3: 2 | BI3: 9 | BJ3: 7 | BK3: 1 | BL3: 1 | BM3: 1 | BN3: 5 | BO3: 1 | BP3: 7 | BQ3: 10 | BR3: 6 | BS3: 2 | BT3: 1 | BU3: 2 | BV3: 4 | BW3: 5 | BX3: 7 | BY3: 7 | BZ3: 7 | CA3: 1 | CB3: 7 | CC3: 10 | CD3: 9 | CE3: 4 | CF3: 3 | CG3: 4 | CH3: 4 | CI3: 6 | CJ3: 3 | CK3: 2 | CL3: 2 | CM3: 8 | CN3: 4 | CO3: 4 | CP3: 8 | CQ3: 8 | CR3: 9 | CS3: 7 | CT3: 5 | CU3: 3 | CV3: 8 | CW3: 5 | CX3: 7 | CY3: 5
A4: 100 | D4: 19 | E4: 14 | F4: 15 | G4: 15 | H4: 15 | I4: 11 | J4: 9 | K4: 7 | L4: 11 | M4: 17 | N4: 5 | O4: 14 | P4: 7 | Q4: 15 | R4: 9 | S4: 10 | T4: 5 | U4: 19 | V4: 16 | W4: 1 | X4: 13 | Y4: 10 | Z4: 7 | AA4: 18 | AB4: 18 | AC4: 19 | AD4: 3 | AE4: 7 | AF4: 10 | AG4: 13 | AH4: 8 | AI4: 8 | AJ4: 1 | AK4: 14 | AL4: 6 | AM4: 19 | AN4: 12 | AO4: 10 | AP4: 18 | AQ4: 9 | AR4: 4 | AS4: 9 | AT4: 19 | AU4: 12 | AV4: 17 | AW4: 8 | AX4: 13 | AY4: 2 | AZ4: 20 | BA4: 10 | BB4: 5 | BC4: 4 | BD4: 9 | BE4: 2 | BF4: 7 | BG4: 6 | BH4: 13 | BI4: 15 | BJ4: 17 | BK4: 14 | BL4: 3 | BM4: 17 | BN4: 9 | BO4: 7 | BP4: 12 | BQ4: 6 | BR4: 12 | BS4: 20 | BT4: 8 | BU4: 15 | BV4: 8 | BW4: 1 | BX4: 11 | BY4: 15 | BZ4: 14 | CA4: 1 | CB4: 4 | CC4: 4 | CD4: 8 | CE4: 9 | CF4: 13 | CG4: 17 | CH4: 19 | CI4: 20 | CJ4: 15 | CK4: 8 | CL4: 20 | CM4: 16 | CN4: 19 | CO4: 9 | CP4: 1 | CQ4: 20 | CR4: 17 | CS4: 15 | CT4: 17 | CU4: 13 | CV4: 8 | CW4: 14 | CX4: 15 | CY4: 18
A5: =debug!A5 -> OvenCapacity
A6: 20
A7: 25
A8: =debug!A9 -> SpaceOccupiedPerJob
A9: 19
A10: 14
A11: 15
A12: 15
A13: 15
A14: 11
A15: 9
A16: 7
A17: 11
A18: 17
A19: 5
A20: 14
... A108: 18
A109: TimeNecessaryforEachJob
A110: 2
A111: 7
A112: 6
A113: 2
A114: 1
A115: 10
A116: 3
A117: 10
A118: 5
A119: 10
A120: 2
A121: 8
... A209: 5

Sheet 1002102015
A1: =debug!A1 -> NumbOvens
A2: 2
A3: =debug!A3 -> NumJobs | D3: 100 | E3: 2 | F3: 20 | G3: 25
A4: 100 | D4: 5 | E4: 6 | F4: 5 | G4: 3 | H4: 8 | I4: 7 | J4: 7 | K4: 3 | L4: 3 | M4: 4 | N4: 1 | O4: 7 | P4: 7 | Q4: 9 | R4: 2 | S4: 8 | T4: 6 | U4: 3 | V4: 1 | W4: 4 | X4: 7 | Y4: 3 | Z4: 1 | AA4: 3 | AB4: 9 | AC4: 6 | AD4: 9 | AE4: 7 | AF4: 5 | AG4: 3 | AH4: 8 | AI4: 8 | AJ4: 1 | AK4: 2 | AL4: 7 | AM4: 10 | AN4: 9 | AO4: 2 | AP4: 3 | AQ4: 8 | AR4: 7 | AS4: 1 | AT4: 4 | AU4: 4 | AV4: 9 | AW4: 8 | AX4: 7 | AY4: 1 | AZ4: 7 | BA4: 8 | BB4: 3 | BC4: 2 | BD4: 2 | BE4: 5 | BF4: 8 | BG4: 3 | BH4: 5 | BI4: 7 | BJ4: 7 | BK4: 5 | BL4: 5 | BM4: 2 | BN4: 5 | BO4: 10 | BP4: 8 | BQ4: 2 | BR4: 6 | BS4: 4 | BT4: 6 | BU4: 7 | BV4: 1 | BW4: 7 | BX4: 6 | BY4: 3 | BZ4: 6 | CA4: 7 | CB4: 10 | CC4: 7 | CD4: 6 | CE4: 8 | CF4: 3 | CG4: 2 | CH4: 1 | CI4: 2 | CJ4: 8 | CK4: 3 | CL4: 2 | CM4: 9 | CN4: 10 | CO4: 3 | CP4: 4 | CQ4: 3 | CR4: 5 | CS4: 5 | CT4: 6 | CU4: 8 | CV4: 10 | CW4: 2 | CX4: 8 | CY4: 9
A5: =debug!A5 -> OvenCapacity | D5: 20 | E5: 18 | F5: 15 | G5: 17 | H5: 11 | I5: 7 | J5: 12 | K5: 12 | L5: 11 | M5: 20 | N5: 11 | O5: 9 | P5: 19 | Q5: 1 | R5: 7 | S5: 11 | T5: 8 | U5: 3 | V5: 9 | W5: 6 | X5: 10 | Y5: 2 | Z5: 8 | AA5: 4 | AB5: 14 | AC5: 4 | AD5: 4 | AE5: 16 | AF5: 3 | AG5: 1 | AH5: 10 | AI5: 20 | AJ5: 7 | AK5: 17 | AL5: 8 | AM5: 1 | AN5: 20 | AO5: 19 | AP5: 18 | AQ5: 4 | AR5: 8 | AS5: 20 | AT5: 11 | AU5: 11 | AV5: 9 | AW5: 14 | AX5: 7 | AY5: 17 | AZ5: 17 | BA5: 17 | BB5: 17 | BC5: 2 | BD5: 5 | BE5: 7 | BF5: 17 | BG5: 6 | BH5: 14 | BI5: 11 | BJ5: 9 | BK5: 7 | BL5: 13 | BM5: 18 | BN5: 19 | BO5: 1 | BP5: 7 | BQ5: 8 | BR5: 9 | BS5: 14 | BT5: 20 | BU5: 16 | BV5: 20 | BW5: 10 | BX5: 1 | BY5: 1 | BZ5: 2 | CA5: 13 | CB5: 8 | CC5: 11 | CD5: 11 | CE5: 2 | CF5: 11 | CG5: 7 | CH5: 1 | CI5: 14 | CJ5: 7 | CK5: 2 | CL5: 19 | CM5: 6 | CN5: 2 | CO5: 9 | CP5: 15 | CQ5: 13 | CR5: 2 | CS5: 1 | CT5: 8 | CU5: 1 | CV5: 13 | CW5: 11 | CX5: 18 | CY5: 19
A6: 20
A7: 25
A8: =debug!A9 -> SpaceOccupiedPerJob
A9: 5
A10: 6
A11: 5
A12: 3
A13: 8
A14: 7
A15: 7
A16: 3
A17: 3
A18: 4
A19: 1
A20: 7
... A108: 9
A109: TimeNecessaryforEachJob
A110: 20
A111: 18
A112: 15
A113: 17
A114: 11
A115: 7
A116: 12
A117: 12
A118: 11
A119: 20
A120: 11
A121: 9
... A209: 19

Sheet 1002302014
A1: =debug!A1 -> NumbOvens
A2: 2 | E2: 100 | F2: 2 | G2: 20 | H2: 25
A3: =debug!A3 -> NumJobs | E3: 30 | F3: 7 | G3: 23 | H3: 24 | I3: 22 | J3: 28 | K3: 2 | L3: 5 | M3: 17 | N3: 8 | O3: 26 | P3: 27 | Q3: 27 | R3: 9 | S3: 26 | T3: 8 | U3: 28 | V3: 13 | W3: 2 | X3: 26 | Y3: 24 | Z3: 2 | AA3: 21 | AB3: 4 | AC3: 13 | AD3: 24 | AE3: 27 | AF3: 9 | AG3: 2 | AH3: 12 | AI3: 17 | AJ3: 7 | AK3: 20 | AL3: 23 | AM3: 18 | AN3: 28 | AO3: 29 | AP3: 16 | AQ3: 17 | AR3: 21 | AS3: 30 | AT3: 12 | AU3: 27 | AV3: 8 | AW3: 26 | AX3: 5 | AY3: 20 | AZ3: 5 | BA3: 13 | BB3: 4 | BC3: 8 | BD3: 12 | BE3: 14 | BF3: 25 | BG3: 14 | BH3: 4 | BI3: 26 | BJ3: 10 | BK3: 1 | BL3: 10 | BM3: 10 | BN3: 8 | BO3: 28 | BP3: 11 | BQ3: 11 | BR3: 26 | BS3: 9 | BT3: 17 | BU3: 28 | BV3: 25 | BW3: 17 | BX3: 20 | BY3: 13 | BZ3: 18 | CA3: 1 | CB3: 14 | CC3: 28 | CD3: 12 | CE3: 20 | CF3: 26 | CG3: 3 | CH3: 7 | CI3: 1 | CJ3: 6 | CK3: 4 | CL3: 27 | CM3: 8 | CN3: 27 | CO3: 9 | CP3: 21 | CQ3: 22 | CR3: 23 | CS3: 17 | CT3: 1 | CU3: 26 | CV3: 8 | CW3: 10 | CX3: 23 | CY3: 8 | CZ3: 17
A4: 100 | E4: 19 | F4: 6 | G4: 19 | H4: 18 | I4: 8 | J4: 11 | K4: 13 | L4: 17 | M4: 8 | N4: 20 | O4: 1 | P4: 4 | Q4: 13 | R4: 9 | S4: 7 | T4: 9 | U4: 14 | V4: 16 | W4: 13 | X4: 6 | Y4: 9 | Z4: 16 | AA4: 8 | AB4: 1 | AC4: 9 | AD4: 3 | AE4: 17 | AF4: 5 | AG4: 11 | AH4: 14 | AI4: 12 | AJ4: 9 | AK4: 14 | AL4: 20 | AM4: 17 | AN4: 4 | AO4: 20 | AP4: 17 | AQ4: 2 | AR4: 7 | AS4: 15 | AT4: 8 | AU4: 17 | AV4: 7 | AW4: 20 | AX4: 18 | AY4: 1 | AZ4: 10 | BA4: 2 | BB4: 16 | BC4: 6 | BD4: 3 | BE4: 6 | BF4: 19 | BG4: 8 | BH4: 8 | BI4: 14 | BJ4: 19 | BK4: 4 | BL4: 16 | BM4: 8 | BN4: 18 | BO4: 7 | BP4: 5 | BQ4: 1 | BR4: 5 | BS4: 7 | BT4: 7 | BU4: 14 | BV4: 15 | BW4: 16 | BX4: 17 | BY4: 13 | BZ4: 17 | CA4: 2 | CB4: 20 | CC4: 6 | CD4: 19 | CE4: 15 | CF4: 10 | CG4: 16 | CH4: 1 | CI4: 11 | CJ4: 9 | CK4: 2 | CL4: 15 | CM4: 14 | CN4: 20 | CO4: 19 | CP4: 9 | CQ4: 13 | CR4: 17 | CS4: 6 | CT4: 5 | CU4: 17 | CV4: 4 | CW4: 2 | CX4: 7 | CY4: 13 | CZ4: 3
A5: =debug!A5 -> OvenCapacity
A6: 20
A7: 25
A8: =debug!A9 -> SpaceOccupiedPerJob
A9: 30
A10: 7
A11: 23
A12: 24
A13: 22
A14: 28
A15: 2
A16: 5
A17: 17
A18: 8
A19: 26
A20: 27
... A108: 17
A109: TimeNecessaryforEachJob
A110: 19
A111: 6
A112: 19
A113: 18
A114: 8
A115: 11
A116: 13
A117: 17
A118: 8
A119: 20
A120: 1
A121: 4
... A209: 3

Sheet 1002302015
A1: =debug!A1 -> NumbOvens
A2: 2 | D2: 100 | E2: 2 | F2: 20 | G2: 25
A3: =debug!A3 -> NumJobs | D3: 10 | E3: 5 | F3: 22 | G3: 11 | H3: 6 | I3: 25 | J3: 30 | K3: 21 | L3: 2 | M3: 22 | N3: 9 | O3: 15 | P3: 12 | Q3: 15 | R3: 10 | S3: 21 | T3: 2 | U3: 27 | V3: 13 | W3: 3 | X3: 1 | Y3: 15 | Z3: 14 | AA3: 9 | AB3: 3 | AC3: 23 | AD3: 8 | AE3: 14 | AF3: 20 | AG3: 2 | AH3: 20 | AI3: 5 | AJ3: 18 | AK3: 30 | AL3: 12 | AM3: 10 | AN3: 18 | AO3: 14 | AP3: 9 | AQ3: 8 | AR3: 10 | AS3: 22 | AT3: 6 | AU3: 23 | AV3: 30 | AW3: 30 | AX3: 17 | AY3: 11 | AZ3: 19 | BA3: 25 | BB3: 14 | BC3: 16 | BD3: 21 | BE3: 21 | BF3: 4 | BG3: 11 | BH3: 24 | BI3: 6 | BJ3: 25 | BK3: 2 | BL3: 3 | BM3: 9 | BN3: 18 | BO3: 27 | BP3: 30 | BQ3: 11 | BR3: 1 | BS3: 15 | BT3: 20 | BU3: 24 | BV3: 14 | BW3: 25 | BX3: 30 | BY3: 12 | BZ3: 16 | CA3: 23 | CB3: 14 | CC3: 5 | CD3: 9 | CE3: 20 | CF3: 26 | CG3: 5 | CH3: 14 | CI3: 5 | CJ3: 30 | CK3: 26 | CL3: 8 | CM3: 5 | CN3: 17 | CO3: 28 | CP3: 8 | CQ3: 18 | CR3: 8 | CS3: 10 | CT3: 8 | CU3: 23 | CV3: 26 | CW3: 10 | CX3: 3 | CY3: 4
A4: 100 | D4: 16 | E4: 1 | F4: 13 | G4: 19 | H4: 19 | I4: 14 | J4: 11 | K4: 3 | L4: 16 | M4: 6 | N4: 9 | O4: 15 | P4: 8 | Q4: 2 | R4: 16 | S4: 3 | T4: 14 | U4: 2 | V4: 4 | W4: 14 | X4: 20 | Y4: 12 | Z4: 16 | AA4: 8 | AB4: 5 | AC4: 14 | AD4: 16 | AE4: 13 | AF4: 19 | AG4: 6 | AH4: 6 | AI4: 10 | AJ4: 4 | AK4: 17 | AL4: 6 | AM4: 17 | AN4: 15 | AO4: 13 | AP4: 17 | AQ4: 10 | AR4: 8 | AS4: 13 | AT4: 3 | AU4: 9 | AV4: 14 | AW4: 17 | AX4: 3 | AY4: 14 | AZ4: 4 | BA4: 17 | BB4: 15 | BC4: 8 | BD4: 13 | BE4: 4 | BF4: 6 | BG4: 5 | BH4: 9 | BI4: 5 | BJ4: 18 | BK4: 20 | BL4: 4 | BM4: 3 | BN4: 5 | BO4: 12 | BP4: 1 | BQ4: 18 | BR4: 18 | BS4: 12 | BT4: 8 | BU4: 9 | BV4: 11 | BW4: 3 | BX4: 20 | BY4: 13 | BZ4: 11 | CA4: 19 | CB4: 4 | CC4: 14 | CD4: 13 | CE4: 12 | CF4: 11 | CG4: 5 | CH4: 3 | CI4: 14 | CJ4: 13 | CK4: 14 | CL4: 20 | CM4: 3 | CN4: 7 | CO4: 14 | CP4: 6 | CQ4: 10 | CR4: 18 | CS4: 15 | CT4: 16 | CU4: 17 | CV4: 12 | CW4: 19 | CX4: 14 | CY4: 12
A5: =debug!A5 -> OvenCapacity
A6: 20
A7: 25
A8: =debug!A9 -> SpaceOccupiedPerJob
A9: 10
A10: 5
A11: 22
A12: 11
A13: 6
A14: 25
A15: 30
A16: 21
A17: 2
A18: 22
A19: 9
A20: 15
... A108: 4
A109: TimeNecessaryforEachJob
A110: 16
A111: 1
A112: 13
A113: 19
A114: 19
A115: 14
A116: 11
A117: 3
A118: 16
A119: 6
A120: 9
A121: 15
... A209: 12
